area,max_gray_value,min_gray_value,mean_gray_value,mean_value_R,mean_value_G,mean_value_B,std,label
46868.0,1.0,0.09641450980392156,0.24992560646755932,64.04175556883162,63.63320389178117,63.785888025945205,0.06378100932863895,Ripe
46590.0,0.9963611764705882,0.06464196078431372,0.21414828652955065,53.239300279029834,54.886713887100235,55.873878514702724,0.06092879694953766,Ripe
46233.0,0.9216788235294117,0.0813243137254902,0.3403016871150944,96.664763264335,84.11437717647567,84.0532952652867,0.04819931832623048,Ripe
45038.0,0.46274313725490196,0.12786235294117645,0.27181234804770527,67.22294506860872,69.59241085305742,72.68879612771437,0.05440003502691401,Ripe
43398.0,0.4470568627450981,0.10128235294117648,0.25068136660314155,63.27798516060648,64.04488686114567,64.62502880317065,0.05313419287563857,Ripe
44874.0,0.8925839215686274,0.07443450980392156,0.25364271620668594,63.66076124259036,64.73316397022775,67.14112849311405,0.05736927280562528,Ripe
41732.0,0.6686901960784314,0.13690470588235293,0.28992176689539045,75.83156810121729,73.10152880283715,76.54658295792198,0.10216058270234402,Ripe
45841.0,0.8716298039215685,0.11973647058823529,0.2740482428992626,67.76697716018411,70.2031151152898,72.93357474749678,0.05551076470438196,Ripe
43271.0,0.9385352941176471,0.08926549019607842,0.29555465479076015,69.60513970095445,76.56904162140926,80.41404173696009,0.053368359911754,Ripe
42416.0,0.44218823529411766,0.09179529411764706,0.2538911602817287,62.014310637495285,65.17507544322898,68.48759901923802,0.06354251142254774,Ripe
41968.0,0.946303137254902,0.03963843137254902,0.3243199388703251,80.67208349218453,83.04939477697293,85.2320339306138,0.05640669114109811,Ripe
42525.0,0.8652282352941176,0.06150117647058823,0.3783763716844763,98.1645620223398,96.05234567901235,95.84129335684891,0.07673898879289753,Ripe
47011.0,1.0,0.09414823529411766,0.2888845995326083,72.95424475122843,73.64421092935696,75.97402735529982,0.04890059407972141,Ripe
46484.0,0.3747345098039216,0.0934313725490196,0.18366329236625378,44.244385164787886,47.14897599173909,51.342999741846654,0.07489694898658401,Ripe
32443.0,0.9966666666666666,0.07974078431372549,0.2629115705191548,74.60481459791018,65.14711956354222,63.56002835742687,0.01592093583812084,Ripe
410.0,0.29160274509803924,0.2725603921568628,0.2850589708273553,70.44146341463414,73.43658536585366,71.90975609756097,0.01592093583812084,Ripe
42563.0,0.4199113725490196,0.11445372549019607,0.2412546368128813,60.51711580480699,61.51244038249184,64.54986725559759,0.05440024243877051,Ripe
40072.0,0.4272301960784314,0.10909490196078431,0.23141977072641792,58.00840986224795,59.06802755040926,61.414528848073466,0.08151665035175955,Ripe
41582.0,0.654536862745098,0.05834470588235294,0.23162610459276778,58.49312202395267,59.15129142417392,59.88951950363138,0.0798399430457145,Ripe
46300.0,0.8939003921568628,0.12103019607843137,0.3154410420276966,80.31611231101512,80.40794816414687,81.08801295896328,0.07192731789172256,Ripe
44932.0,0.9994345098039217,0.14049803921568627,0.3048280319367131,73.77492655568415,78.37287456601086,83.02388053057955,0.0728001143340036,Ripe
37982.0,0.6887521568627452,0.11625529411764705,0.2817694288109641,70.95682165236164,72.03804433679112,72.6333263124638,0.048626269794043546,Ripe
69.0,0.5354227450980392,0.44181019607843136,0.490334470019892,142.8695652173913,120.7536231884058,114.95652173913044,0.048626269794043546,Ripe
39047.0,0.38354666666666665,0.08338666666666666,0.19129296945812416,49.216405869849154,48.565088227008474,49.62214766819474,0.06959777356058824,Ripe
40219.0,0.4071066666666666,0.0727678431372549,0.18556729529356186,46.944603296949204,47.29314503095552,48.68815733857132,0.06272398326406896,Ripe
40825.0,0.666703137254902,0.04545176470588235,0.1910672666642652,47.63000612369871,48.767372933251686,51.492345376607474,0.07829512723651917,Ripe
40489.0,1.0,0.08529058823529412,0.25386792950300224,63.961693299414655,64.77633431302328,66.62236656869767,0.07882639369488154,Ripe
37268.0,0.8893250980392157,0.07740274509803922,0.3259306423110191,82.95910700869379,82.90640764194484,85.60692819577118,0.07212030174556554,Ripe
44127.0,0.9323203921568628,0.06225137254901961,0.37927651148623165,101.14122872617672,95.78462166020803,92.90819679561267,0.041068362031901125,Ripe
30165.0,0.5544603921568627,0.056195686274509805,0.34960974209169826,89.0185977125808,89.03169235869385,90.71788496602022,0.1256038403280811,Ripe
43166.0,0.5230721568627451,0.15344627450980391,0.2946199023650604,74.10751517397952,75.29747949775286,76.4550803873419,0.07858758641711264,Ripe
42858.0,0.9719913725490196,0.13070549019607844,0.29459523975664276,73.46430071398572,75.35003966587335,77.7420784917635,0.05015968372720973,Ripe
44569.0,0.5773333333333334,0.12454392156862744,0.2953585395810594,72.68457896744374,75.70587179429648,79.20906908389239,0.06835929398278945,Ripe
41413.0,0.5840298039215687,0.08252196078431372,0.3072071962910197,75.94170912515393,78.91927655567092,79.63067152826407,0.08275656255244332,Ripe
41490.0,0.959743137254902,0.0165721568627451,0.35884731614988724,91.43398409255242,91.3351892022174,93.41400337430706,0.09236583245550264,Ripe
38804.0,0.5375294117647059,0.12188705882352942,0.26013780245012136,62.75010308215648,66.92949180496856,71.00394289248531,0.06615732521969601,Ripe
42985.0,0.545356862745098,0.16136470588235294,0.2807094959436375,68.35875305339071,72.23601256252181,74.57757357217633,0.07264112309858722,Ripe
40508.0,0.8405101960784315,0.08007529411764706,0.32213968256088843,81.5090846252592,82.39310753431421,81.56601165201936,0.08612998263843566,Ripe
39907.0,0.7986219607843137,0.07051294117647058,0.31607827678764894,78.68434109304133,80.95010900343298,82.77156889768712,0.08563091952116182,Ripe
31683.0,0.5549058823529411,0.07472509803921569,0.29615504296545503,69.98052583404349,76.53539753179939,81.76492125114414,0.10582616533044922,Ripe
32.0,0.5207596078431372,0.47370078431372553,0.5044498529411765,181.5625,116.71875,90.875,0.11032343010491269,Ripe
37785.0,0.9248584313725491,0.09426549019607842,0.389316847322441,99.94211988884479,99.92719333068678,90.84856424507079,0.11032343010491269,Ripe
1.0,0.5257113725490197,0.5257113725490197,0.5257113725490197,163.0,130.0,89.0,0.11032343010491269,Ripe
1.0,0.49130392156862746,0.49130392156862746,0.49130392156862746,147.0,124.0,74.0,0.11032343010491269,Ripe
41903.0,0.6155572549019608,0.15886980392156863,0.3073176857569747,75.56306231057442,78.94687731188698,80.86356585447342,0.062014219888373245,Ripe
41925.0,0.6909756862745099,0.16228627450980393,0.2896262975481427,70.82440071556351,74.44686940966011,76.91026833631484,0.05239166794659761,Ripe
41699.0,0.5772125490196078,0.08643019607843137,0.29568173925269287,73.00330943188087,75.78555840667642,78.62207726804,0.08155336521961837,Ripe
37306.0,0.8049976470588235,0.0492235294117647,0.3657313891367945,97.26242427491556,93.46786039779124,79.42207687771403,0.09663788249377575,Ripe
42456.0,0.5713494117647059,0.1534023529411765,0.29553641450248835,72.79706048615037,75.898930657622,77.59105897870737,0.060096337814088796,Ripe
41811.0,0.5577623529411765,0.11417098039215685,0.28321189284553605,68.08863696156514,72.9846212719141,76.796106287819,0.08364824748273184,Ripe
41993.0,0.5914125490196079,0.1361686274509804,0.28336308298815444,68.05029409663516,73.13607029743052,75.94110923249113,0.07201155922459603,Ripe
46379.0,0.9994345098039217,0.17085843137254902,0.33773427587451893,84.1355786023847,86.45641346298972,88.66174346148041,0.07150736730582678,Ripe
46206.0,0.9884294117647059,0.13586313725490198,0.3248112955961071,81.30703804700688,83.11626195732156,84.43496515604033,0.04436398035692665,Ripe
132.0,0.5571278431372549,0.4336403921568628,0.5056366131907308,156.93939393939394,123.18181818181819,103.51515151515152,0.15813913690409645,Ripe
40565.0,0.8889525490196079,0.12482745098039215,0.3566792985453025,89.78910390730925,91.2344385554049,91.59388635523234,0.15813913690409645,Ripe
46775.0,1.0,0.11562235294117647,0.35786894270234015,89.65601282736505,91.52389096739711,93.32158204168894,0.07611379512540961,Ripe
46441.0,0.9949105882352942,0.1351478431372549,0.3177181199337468,79.71718955233523,81.18132684481385,83.23296225318146,0.08289226542445773,Ripe
43133.0,0.5395015686274509,0.1346121568627451,0.30146595281443667,73.66267127257552,77.5646720608351,79.48313356362877,0.08740670319126975,Ripe
44731.0,0.5346862745098039,0.14637686274509804,0.2826417885039151,70.46153674185688,72.31908519818471,74.38981914108784,0.08341999543189738,Ripe
47050.0,0.9844929411764707,0.16769686274509804,0.3193945280490092,81.14146652497344,81.40603613177471,82.73460148777896,0.08388328172623359,Ripe
44768.0,0.887821568627451,0.09541137254901962,0.36407652726387196,94.89117226590422,92.62260989992852,88.94487133666905,0.06551658633086133,Ripe
5.0,0.5250462745098039,0.5068223529411765,0.5141119215686275,178.2,120.0,102.4,0.11924256602350063,Ripe
40078.0,0.9279686274509804,0.07020745098039216,0.39127739783892,102.24876490842857,99.79974050601328,92.24881481111832,0.11924256602350063,Ripe
38911.0,0.9394952941176471,0.11297176470588235,0.38136948247408237,100.25733083189843,96.87746395620776,92.07208758448768,0.0570570151353381,Ripe
44894.0,0.8575427450980392,0.14814862745098037,0.3065342733864606,76.55795874727136,78.49434222836014,79.6507773867332,0.08426374047156998,Ripe
44041.0,0.5282945098039217,0.13992470588235295,0.2769812134147726,69.23019459140346,70.84067119275221,72.66819554506029,0.07931193021820179,Ripe
37876.0,0.8033905882352941,0.10940745098039216,0.329133514647384,81.11677579469848,84.48930721301087,86.65854366881402,0.11109822102350297,Ripe
46569.0,0.7358184313725491,0.12679960784313726,0.29581288158115787,74.39403895295153,75.44037879275913,78.41199080933669,0.09871469759002025,Ripe
43237.0,1.0,0.12455960784313726,0.34787051893190607,86.85017461896061,89.13016629275852,89.98057219511067,0.07863249253885397,Ripe
42531.0,0.9988690196078431,0.1332580392156863,0.2890454171052165,71.71742963955703,74.07023112553196,75.96094613340857,0.08889795592348823,Ripe
42458.0,0.9752501960784314,0.11673137254901961,0.26552474858198966,66.1255829290122,67.9817702199821,69.66665881577087,0.09644862548399813,Ripe
45239.0,0.33754431372549015,0.08983098039215685,0.18961470289603496,49.11339773204536,48.13574570613851,48.25020446959482,0.0595165047051864,Ripe
39281.0,0.8314227450980393,0.12490980392156863,0.34572554645238357,90.53379496448665,88.15190550138743,81.24424021791705,0.19341638232151048,Ripe
42502.0,0.9988690196078431,0.1277521568627451,0.3047278246467756,76.49741188649946,77.79024516493341,80.42654463319373,0.09300585605193196,Ripe
30936.0,0.5361823529411764,0.0579078431372549,0.25328230899212545,58.38883501422291,65.57321567106284,73.06911042151539,0.07861299046347778,Ripe
10.0,0.49631725490196077,0.45210156862745104,0.4817255294117647,154.4,116.1,96.7,0.17372892062212833,Ripe
46113.0,0.8369960784313726,0.13296039215686276,0.32127836956359973,82.64253030598746,81.81200529134951,80.9450480341769,0.17372892062212833,Ripe
46918.0,0.9988690196078431,0.08924980392156863,0.30501162010650207,76.16100430538386,78.0292638219873,80.0501300140671,0.06615973190206438,Ripe
46280.0,0.9946278431372549,0.1432964705882353,0.32456352940329114,80.71959809853068,83.2695764909248,83.76879861711322,0.0914366814870641,Ripe
8.0,0.527436862745098,0.4560380392156863,0.4993208333333333,156.75,120.875,104.625,0.16115884848842107,Ripe
40755.0,0.7884764705882353,0.1680470588235294,0.33325751049913277,81.10109189056557,85.77237148816096,88.55934241197399,0.16115884848842107,Ripe
47317.0,0.9994345098039217,0.15029843137254903,0.33906122268371813,85.49214869919902,86.6136483716212,87.79647906672021,0.06813874395995513,Ripe
43130.0,0.9988690196078431,0.09280627450980393,0.4341943996854017,115.02070484581498,110.1123811731973,104.06760955251565,0.1013327896670754,Ripe
52.0,0.6367172549019608,0.5280521568627451,0.5619937254901961,197.57692307692307,131.1153846153846,104.34615384615384,0.10270765669386728,Ripe
39174.0,0.9512827450980393,0.0951364705882353,0.42726864610080517,110.41496911216623,108.61933935773727,107.96183693265942,0.10270765669386728,Ripe
42438.0,0.39334862745098037,0.08265058823529411,0.19746296900022084,50.88842546774117,50.177105424383804,50.521018898157315,0.05658526695543568,Ripe
46004.0,0.36168392156862744,0.10190117647058823,0.2088135931743361,52.45056951569429,53.399726110772974,54.085383879662636,0.04554471710213021,Ripe
43884.0,0.3791611764705882,0.0842043137254902,0.19389257306696261,48.24207000273448,49.47051317108741,52.70403791814785,0.0645823185077393,Ripe
48304.0,1.0,0.0611607843137255,0.30220626463768685,74.55266644584299,77.382970354422,81.28126035110964,0.04770680033769178,Ripe
34970.0,0.982230980392157,0.08966745098039215,0.32281455960571254,80.88653131255361,82.50437517872462,84.68370031455534,0.09220428989496876,Ripe
46848.0,0.7477082352941177,0.1324176470588235,0.27547465348092787,67.76161202185793,70.47957223360656,75.25115266393442,0.05911947442832824,Ripe
43917.0,0.9182866666666667,0.07016274509803923,0.19685601260309668,50.20053737732541,50.124325432065035,50.92547305143794,0.04551525268535415,Ripe
43990.0,0.9929313725490196,0.07712000000000001,0.31394801215962626,82.5215503523528,79.62580131848148,77.06817458513298,0.06068763177097489,Ripe
41100.0,0.7824525490196079,0.05903098039215686,0.33450895890463245,83.36939172749392,85.66051094890511,87.40997566909975,0.07039171955398503,Ripe
46247.0,0.45704901960784317,0.08110117647058825,0.2294073388204937,58.63556555019785,58.136549397798774,61.6910718533094,0.08907549406753629,Ripe
31185.0,0.3381258823529412,0.14023019607843135,0.22643902881915953,55.54866121532788,58.030912297578965,61.33907327240661,0.08076002266501965,Ripe
117.0,0.2974737254901961,0.28178745098039215,0.29129269984917056,74.12820512820512,74.48717948717949,72.66666666666667,0.08076002266501965,Ripe
29387.0,0.6690745098039215,0.08529058823529412,0.24671867050723376,70.26487902814169,60.93541361826658,60.87072515057679,0.021951346830746482,Ripe
47677.0,0.9811000000000001,0.09471725490196078,0.2847346609352888,72.08438030916375,72.57438597227174,74.47561717389937,0.069544406207827,Ripe
46528.0,0.4927737254901961,0.10480745098039215,0.2656593244464224,67.82094652682255,67.5360643053645,69.56832444979368,0.0806360973867389,Ripe
43795.0,0.41322549019607846,0.09892941176470588,0.2151920259676881,57.92889599269323,54.112980933896566,53.420938463294895,0.06459558116277796,Ripe
47550.0,0.47256039215686274,0.12316509803921569,0.30005147055936987,77.31703470031546,76.27322818086225,76.52410094637224,0.0791315096937698,Rotten
46736.0,0.9392043137254902,0.06608274509803921,0.3083842230786528,80.37470044505307,78.29204467648066,76.95179305032524,0.07671588164253408,Rotten
41030.0,0.9766858823529412,0.09549372549019608,0.3618322125465346,93.63950767730928,91.93436509870826,91.52529856202779,0.10338169972520753,Rotten
44209.0,0.9330356862745098,0.13135333333333332,0.43551004918260366,114.20118075504988,110.91843289827862,103.13820715238978,0.08698265382434478,Rotten
45709.0,0.6369858823529412,0.13806274509803923,0.30321338098345074,79.13194338095342,76.91248988164257,76.01496423023912,0.0888914987626868,Rotten
47136.0,0.9946278431372549,0.12775803921568626,0.3277119712754416,84.6895366598778,83.28161065852002,83.08407586558044,0.08307308110764598,Rotten
47590.0,1.0,0.11639529411764706,0.3646216093840773,94.6005463332633,92.63147720109266,91.64126917419625,0.07392791000322804,Rotten
46232.0,0.7254454901960784,0.15710509803921566,0.3288389073267307,85.02124069908288,83.58762329122686,83.05578387264232,0.0861443965315578,Rotten
42592.0,1.0,0.06377882352941176,0.3153260188049675,81.34081517655898,80.23898854244929,79.3375751314801,0.09331978371632792,Rotten
47204.0,0.6180117647058825,0.14022745098039216,0.34372522776401465,89.14208541649013,87.34569104313194,86.27090924497924,0.08393054212809892,Rotten
40311.0,0.9609996078431372,0.10350039215686274,0.34004166164930416,86.38123589094788,86.69033266354097,87.88276152911116,0.13706985064760902,Rotten
47393.0,0.918530980392157,0.13712627450980394,0.3934142511738517,104.78397653661933,99.78355453336991,92.49492541092566,0.13295841232105257,Rotten
43495.0,1.0,0.08360823529411766,0.41854858446204096,107.0958960800092,106.63002643982067,106.64202781928957,0.15195637168619247,Rotten
47231.0,0.6483564705882354,0.12141529411764707,0.3397919634952286,87.8958946454659,86.30899197560925,86.31928182761322,0.09119427981870254,Rotten
48313.0,0.8579078431372549,0.1543870588235294,0.3743887327041844,99.23821745699915,94.8033655537847,90.96640655724133,0.13911891082279065,Rotten
45229.0,1.0,0.09092431372549019,0.3767087268319519,96.64193327290013,95.8853390523779,96.08797452961595,0.11899063074111707,Rotten
47556.0,0.998586274509804,0.10371764705882354,0.3968383429319242,104.98136933299689,100.64683741273446,95.45754478930104,0.1251119742992183,Rotten
43619.0,0.9332886274509804,0.09843137254901961,0.39658626791077284,104.19601549783351,100.6900204039524,96.4522111923703,0.08747576501727655,Rotten
41252.0,0.7390443137254902,0.20260823529411764,0.3328367481552885,83.61012799379424,85.00770871715311,87.26357509938912,0.14315897342800707,Rotten
47066.0,1.0,0.08073607843137255,0.3618906031413543,94.90198869672375,91.76486210852845,89.69277185229252,0.0807450231806587,Rotten
46639.0,0.9876031372549021,0.21316156862745095,0.3671620685961299,93.12616050944489,93.66343618002101,94.73226269859988,0.12780038826305812,Rotten
53.0,0.6479199999999999,0.4509329411764706,0.5385141028486867,162.24528301886792,132.73584905660377,109.35849056603773,0.09562282041028602,Rotten
43452.0,0.907243137254902,0.06405450980392158,0.4082570297899146,109.91880695940348,103.30771886219276,94.88840559698058,0.09562282041028602,Rotten
43655.0,0.9952152941176471,0.08032745098039215,0.40507190004514004,106.6063222998511,102.78758446913298,98.54719963348987,0.08865630136640686,Rotten
45169.0,0.998586274509804,0.10350666666666666,0.41114149272080147,107.26152892470499,104.55006752418694,100.59483273926809,0.0902944842682491,Rotten
38121.0,0.9044309803921569,0.050346666666666665,0.36606221807649636,97.06602659951209,92.77246137299652,88.07095826447365,0.06988864590141958,Rotten
40184.0,0.9293521568627452,0.07862392156862745,0.39524863292579626,103.71993828389408,100.35670913796535,96.43168922954409,0.0665445057309283,Rotten
44999.0,0.6577698039215687,0.16663764705882353,0.35796100404845593,91.46356585701905,91.21007133491855,91.43360963576968,0.13838877572292196,Rotten
45669.0,0.6507976470588236,0.13294274509803922,0.3610202316412343,92.40467275394688,91.98294247739166,91.81094396636668,0.1106142773628237,Rotten
47227.0,0.9994345098039217,0.13553294117647058,0.36669561963765324,96.91549325597646,92.89929489486946,89.49632625404959,0.06774708865937948,Rotten
47162.0,0.9909521568627452,0.2017392156862745,0.39951626069841867,105.30039014460795,101.38802425681693,96.63413341249311,0.06522549697777573,Rotten
46136.0,0.9940623529411765,0.13269960784313725,0.3300888697270134,83.39075775966707,84.25563551239813,85.65387116351656,0.10328022691838308,Rotten
45211.0,0.9929313725490196,0.11973647058823529,0.33227805581758046,84.58560969675521,84.69856893233947,85.47997168830594,0.10445176833002434,Rotten
45309.0,0.9943450980392158,0.11582980392156864,0.37007830762965765,94.59277406254827,94.3433534176433,93.97737756295659,0.09030108120939145,Rotten
36348.0,0.8577372549019607,0.12691607843137254,0.3294666929593451,85.40571695829206,83.58798283261802,84.13937493122043,0.07518173570271686,Rotten
29206.0,0.7668356862745098,0.07920431372549021,0.26995805330089306,62.581079230295146,70.19725398890638,73.81010751215504,0.059944060010085363,Rotten
27817.0,0.7530988235294117,0.09506392156862745,0.25922295038934434,60.239781428622784,67.42610633785095,70.23942193622605,0.055682802523484766,Rotten
1.0,0.36084470588235296,0.36084470588235296,0.36084470588235296,85.0,94.0,93.0,0.055682802523484766,Rotten
43383.0,0.6513780392156864,0.18744196078431372,0.3456283159256833,87.95542032593413,88.0970195698776,89.04418781550378,0.12017509992717161,Rotten
43371.0,0.9968898039215687,0.09713764705882352,0.38619065255947205,98.9582439879182,98.3416568674921,98.42396993382675,0.12636129108745664,Rotten
45257.0,0.9974552941176471,0.11978039215686273,0.41188638485130896,104.97779349050975,104.96093422012065,105.88342134918355,0.12003824395766918,Rotten
38508.0,0.8245631372549019,0.07253764705882354,0.33623965034003633,94.22930300197362,84.35961358678716,74.43157266022645,0.09419243694153645,Rotten
44742.0,1.0,0.22339882352941176,0.4343944772950976,110.37937508381387,110.81782218050154,111.45498636627777,0.07837427419782515,Rotten
40269.0,0.6073568627450981,0.12943098039215686,0.37489375249486423,98.27440462887084,94.90280364548411,94.60652114529788,0.07353520671557662,Rotten
46430.0,1.0,0.21652392156862746,0.4744432975383563,121.515851819944,120.72763299590781,121.94693086366573,0.08182624223575913,Rotten
44283.0,0.7221529411764707,0.23419019607843136,0.4322769548354988,111.8565815324165,109.76146602533704,110.09357992909243,0.05731652084521126,Rotten
38958.0,0.6042250980392156,0.1384733333333333,0.3372510031819083,84.70814723548436,85.97676985471533,90.0241798860311,0.06488237047749901,Rotten
45829.0,0.6958933333333334,0.25050235294117645,0.4795167227618098,122.87673743699405,122.08184773833162,122.4424927447686,0.05048558027059317,Rotten
46088.0,0.9957588235294118,0.14078588235294118,0.356978887141734,93.71309234507898,90.53302378059365,88.04797344211075,0.07384774510537262,Rotten
45740.0,1.0,0.16619215686274508,0.4630246160909488,117.3549628334062,118.08220376038479,120.074048972453,0.07871713006054833,Rotten
46857.0,1.0,0.21742549019607843,0.4849591385471106,122.03907633864738,123.92944490684422,125.82734703459462,0.09009074563360724,Rotten
41359.0,0.5617380392156862,0.11314235294117647,0.3403105339047053,86.0343093401678,86.98546870088735,86.92775453951981,0.0955347452120649,Rotten
47167.0,0.9916666666666667,0.24203333333333335,0.5002777629424361,126.7848283757712,127.7644963639833,127.96578116055717,0.09612813996383196,Rotten
44661.0,0.6559509803921568,0.14054,0.343793134133347,91.26242135196256,87.02158482792593,83.47770985871342,0.07487106711264555,Rotten
44546.0,0.623536862745098,0.1905478431372549,0.41126563215992634,102.95195977192115,105.18975890091141,107.38822789925021,0.09765132648404402,Rotten
44443.0,0.6283721568627452,0.16883294117647057,0.38822401561286035,96.86346556263078,99.28283419211124,102.4507346488761,0.0866982705628727,Rotten
44612.0,0.6333776470588235,0.21445019607843138,0.41552469787430796,106.08928091096566,105.88193759526585,106.33686003765803,0.06901205227046514,Rotten
45493.0,1.0,0.23698,0.44028355299651795,112.42771415382586,112.2219682148902,112.31374057547315,0.06513489099670346,Rotten
47304.0,0.8644854901960786,0.13938705882352942,0.4080712068705379,110.04086335193641,103.3826103500761,93.12836123795027,0.09669726282796723,Rotten
46486.0,0.9974552941176471,0.1271007843137255,0.383807520282303,99.26399346039668,97.78539775416255,94.6136686314159,0.07657410372300853,Rotten
46140.0,0.9923658823529412,0.18084980392156863,0.41347412102977305,107.00609016038145,105.15437798006069,103.60145210229736,0.08649694627442582,Rotten
45883.0,0.9986011764705883,0.19661843137254903,0.44319651269875254,113.04522372120393,112.93952008369112,113.67639430725977,0.0785528968857611,Rotten
40006.0,1.0,0.10661490196078433,0.37322869841092465,98.28643203519472,94.43385992101184,93.335199720042,0.0879044262768526,Rotten
44496.0,0.9461317647058824,0.16151686274509805,0.41726139806354046,115.97997572815534,104.74105537576412,94.64855267889249,0.10740710974294955,Rotten
43776.0,0.891795294117647,0.14635921568627452,0.40772463915226187,111.95643731725146,102.48544864766082,95.15880847953217,0.09195638928165138,Rotten
39856.0,0.8275113725490196,0.10497098039215685,0.3540098994123944,91.0186170212766,90.12442292252108,89.54308008831795,0.07576500234286428,Rotten
39564.0,0.8705286274509804,0.08472156862745098,0.336218318306799,86.37329390354869,85.51311798604792,86.06465473662927,0.07008864191710132,Rotten
1.0,0.5122372549019608,0.5122372549019608,0.5122372549019608,136.0,131.0,111.0,0.07008864191710132,Rotten
3.0,0.6085870588235294,0.4867505882352941,0.5326807843137255,142.33333333333334,135.66666666666666,118.33333333333333,0.07008864191710132,Rotten
46055.0,0.9879376470588236,0.11236862745098039,0.4544466078282361,127.76499837151232,113.70483118011073,102.48802518727608,0.13399913954665196,Rotten
43905.0,0.9980505882352941,0.10441529411764706,0.4264171015941281,114.89668602664844,107.78391982689898,100.03049766541396,0.08947505395479942,Rotten
43543.0,0.998586274509804,0.10989843137254902,0.4383766426336283,122.31387364214685,109.8122315871667,100.34223640998553,0.08453915743070543,Rotten
4.0,0.4979788235294118,0.4579376470588235,0.4765574509803922,127.0,120.25,118.0,0.08453915743070543,Rotten
46977.0,1.0,0.18149764705882354,0.47993733521660786,129.58275326223472,121.14243140260128,113.48668497349767,0.1132637919038537,Rotten
44824.0,0.47930549019607843,0.07002705882352941,0.26875388913677195,67.64987506692843,68.6909914331608,69.55766999821525,0.07697794117376609,Rotten
46178.0,1.0,0.11361254901960785,0.4852610642534982,134.29230369439992,121.97494477889904,110.17449867902464,0.10130601650519776,Rotten
42651.0,0.9966070588235295,0.11076941176470588,0.46380841556251584,126.5175963048932,116.89484420060491,107.62254108930622,0.06925948918730594,Rotten
46474.0,1.0,0.1518870588235294,0.48998869639950476,130.1785944829367,123.79638077204459,120.94640013771141,0.075088838688183,Rotten
45691.0,0.8263835294117647,0.215,0.4718776474879637,124.10908056291173,119.47604561073297,117.6485084589963,0.08423599065146141,Rotten
45954.0,0.8215572549019607,0.19721960784313725,0.46851718421746547,123.53538320929626,118.52354528441485,116.90525307916613,0.08233584931337336,Rotten
45847.0,0.9980207843137255,0.18016431372549022,0.475027728082792,124.84323947041246,120.34124370187799,118.04100595458809,0.08342838708715586,Rotten
46082.0,0.9940843137254902,0.1251443137254902,0.4024837257454955,113.47326504926002,100.68632003819279,90.00399288225337,0.0750485987638472,Rotten
47288.0,1.0,0.13610980392156863,0.447730489648744,120.10586195229233,112.94711131788192,108.82684824902724,0.04703272090730033,Rotten
40223.0,0.8105286274509804,0.05667803921568628,0.3176200307696358,90.00725952813067,78.86472913507197,75.54421599582328,0.08055105003541205,Rotten
42742.0,0.9966666666666666,0.1206721568627451,0.38941494660622195,100.99202189883486,99.03822937625755,96.9217397407702,0.074786284083313,Rotten
44541.0,0.9229603921568628,0.13674549019607843,0.40163764756947884,104.57497586493344,102.0629083316495,99.57854560966301,0.10808674212869268,Rotten
44304.0,0.7189015686274509,0.14180392156862745,0.451479911476147,121.27945557963163,113.93971198988805,108.77979414951245,0.08219026785176965,Rotten
47701.0,1.0,0.21969254901960786,0.5045904936838993,133.4993606004067,127.79044464476635,123.17167354982075,0.0764731750217883,Rotten
42379.0,0.9988690196078431,0.06919372549019608,0.3837656476269925,106.71344297883385,96.46976096651643,85.56402935416126,0.08315793349487452,Rotten
39804.0,1.0,0.07543058823529412,0.4101062808152102,108.29323686061703,103.97894683951361,99.55964224701034,0.05961359110619535,Rotten
42793.0,0.5237364705882352,0.06018392156862745,0.27521138786213434,70.22487322692963,70.30184843315496,68.82352253873297,0.08181423777271875,Rotten
38403.0,0.905012156862745,0.0764713725490196,0.3594292920232437,93.86188579017264,91.30877796005521,88.57862666979142,0.06455957816606954,Rotten
43508.0,0.9177074509803923,0.07689764705882353,0.4077868109087893,104.8266295853636,104.23816309644204,99.0013330881677,0.09604012598441979,Rotten
43820.0,0.9988690196078431,0.08019333333333334,0.43195242333610756,114.19639434048379,109.69534459151073,102.70575079872205,0.08039282115033379,Rotten
41953.0,0.9909741176470589,0.10905019607843137,0.43514155457811565,111.03558744309107,111.23821895931161,107.99184802040378,0.062325567716906796,Rotten
39.0,0.6523721568627451,0.45237215686274507,0.5371283861236802,137.92307692307693,137.51282051282053,128.74358974358975,0.062325567716906796,Rotten
42570.0,1.0,0.13834627450980394,0.43432600040533004,109.02433638712708,111.31848719755696,110.23873619920131,0.06503773387038103,Rotten
45791.0,0.7331709803921569,0.1938470588235294,0.44820183641703715,118.9867659583761,113.19171889672643,111.36511541569304,0.0901477561641574,Rotten
47481.0,1.0,0.25177058823529413,0.48772251498741903,127.49649333417578,123.6156567890314,122.6296202691603,0.08644102051719572,Rotten
42160.0,1.0,0.06813725490196078,0.41783711837258625,109.80370018975331,105.69665559772297,105.40626185958254,0.09405693962850827,Rotten
44962.0,0.9899098039215687,0.09160705882352942,0.41755011501651507,117.56514389929274,104.64238690449713,91.97673591032428,0.11088297106977459,Rotten
44433.0,0.6207482352941177,0.048514509803921566,0.2851340316484436,74.09862039475165,72.50676299147031,70.62251029640133,0.0803363579658171,Rotten
41645.0,0.9699219607843138,0.07447921568627451,0.4036303585346734,101.83642694200985,103.42067475087045,101.22538119822308,0.08328138145258779,Rotten
41831.0,0.9342043137254902,0.10635686274509805,0.41676463352771964,110.40106619492721,105.61346848031364,100.67794219597906,0.1307171113616848,Rotten
3.0,0.5633298039215686,0.48375960784313726,0.5313891503267973,132.66666666666666,136.66666666666666,132.33333333333334,0.1307171113616848,Rotten
46925.0,1.0,0.21298313725490195,0.5002254705903245,126.12317527970166,127.8647842301545,128.7358337773042,0.1072706193313494,Rotten
44147.0,0.9876549019607844,0.1673835294117647,0.4741640887640534,120.82823294901125,121.36648016852787,116.6472013953383,0.06841776938370106,Rotten
46949.0,1.0,0.08530980392156862,0.49584538511751797,130.57845747513258,125.62678651302477,122.31966602057553,0.07590561500887388,Rotten
1.0,0.5846192156862745,0.5846192156862745,0.5846192156862745,146.0,150.0,149.0,0.07463303597622017,Rotten
41997.0,0.9991666666666668,0.08812588235294118,0.4487126097615749,115.40176679286616,114.20887206229017,113.64511750839345,0.07463303597622017,Rotten
38321.0,0.9966666666666666,0.04585960784313726,0.41241973117693626,104.54348790480415,105.26043161712899,106.07805119908144,0.05947858027623123,Rotten
44586.0,0.9803474509803922,0.19039019607843138,0.43269509998302463,113.24814964338582,109.85345175615664,106.55838155474812,0.07917895844310019,Rotten
40711.0,0.9932580392156863,0.21508117647058822,0.415042060357537,108.00930952322469,105.33199872270394,104.42767311046154,0.06917803661686234,Rotten
45433.0,0.6879490196078432,0.06725137254901961,0.2921741325105747,75.95571500891423,74.2682631567363,72.5700261924152,0.07895156766779522,Rotten
41237.0,1.0,0.12923843137254903,0.42645311290498206,109.64478502315882,109.03989135970124,103.17460048015133,0.0718684540284861,Rotten
326.0,0.7156976470588237,0.2739066666666667,0.4235499206062793,108.96932515337423,107.71165644171779,108.07668711656441,0.0718684540284861,Rotten
30999.0,0.7790466666666667,0.11558196078431372,0.2878374987428437,63.11248749959676,75.16742475563728,86.16342462660086,0.05777963448958027,Rotten
36022.0,0.8258666666666666,0.12745098039215685,0.33484591579655565,79.97643106990172,86.04255732607851,94.8109766253956,0.06740687246153904,Rotten
46251.0,1.0,0.25341725490196076,0.44468897715407113,114.63918617975827,113.18594192557998,111.81191758016043,0.0852435348563553,Rotten
40856.0,0.5847772549019608,0.18955803921568626,0.3630679532897945,93.54023888780105,92.32107891129822,92.35128255335813,0.09674244032105918,Rotten
46514.0,0.6649129411764706,0.1700811764705882,0.46017661444540836,121.1000773960528,116.38648578922475,115.78888076708088,0.08520874761551255,Rotten
43591.0,0.6794521568627452,0.1278894117647059,0.43860772733713244,115.92057993622537,110.97100318873161,108.50473721639788,0.10430279335132756,Rotten
45332.0,0.817267843137255,0.14490627450980392,0.43987900055883994,115.80170740315891,111.33625253683932,109.72714638665843,0.10711785915088166,Rotten
43926.0,0.8291254901960784,0.17236588235294117,0.4258829412568196,108.54441560806812,108.41267131084096,110.6246414424259,0.11208045940716227,Rotten
45931.0,0.992083137254902,0.1966341176470588,0.40848299048743614,105.47765125949795,104.28673444950034,99.06285515229366,0.06663032589128058,Rotten
43166.0,0.6967196078431372,0.15124980392156864,0.4463449143797814,112.00959088171246,114.01522031228282,117.1903813186304,0.10780574155599486,Rotten
43120.0,0.9988690196078431,0.16546901960784316,0.45095434181854566,114.81535250463821,115.05417439703155,114.91454081632654,0.10575042202934613,Rotten
45256.0,0.998586274509804,0.19771254901960783,0.45211134118929514,114.3471141948029,115.31330652289199,117.81540569206292,0.1043422381805138,Rotten
42048.0,0.615664705882353,0.11330431372549019,0.39741305747679584,103.50573154490107,100.7912148021309,100.40674942922375,0.10535716584377469,Rotten
